{"_timestamp":1.7694372703494515e+09,"_step":149,"advantage_hist":{"values":[4,0,0,0,4,0,0,0,3,1,0,0,4,0,0,3,1,0,0,4,0,0,4,0,0,4,0,3,1,0,4,0,4,0,4,0,4,0,4,0,4,3,1,4,4,0,4,4,4,4,4,4,5,7,5,8,8,9,14,16,20,32,133,1647],"bins":[-8.232207298278809,-8.098084449768066,-7.963962554931641,-7.829840183258057,-7.695717811584473,-7.561595439910889,-7.427473068237305,-7.2933502197265625,-7.159228324890137,-7.0251054763793945,-6.890983581542969,-6.756860733032227,-6.622738361358643,-6.488615989685059,-6.354493618011475,-6.220371246337891,-6.086248874664307,-5.952126502990723,-5.818004131317139,-5.683881759643555,-5.549759387969971,-5.415637016296387,-5.2815141677856445,-5.147392272949219,-5.013269424438477,-4.879147529602051,-4.745024681091309,-4.610902786254883,-4.476779937744141,-4.342657566070557,-4.208535194396973,-4.074412822723389,-3.9402904510498047,-3.8061680793762207,-3.6720457077026367,-3.5379233360290527,-3.4038009643554688,-3.2696785926818848,-3.135556221008301,-3.001433849334717,-2.867311477661133,-2.7331886291503906,-2.5990662574768066,-2.4649438858032227,-2.3308215141296387,-2.1966991424560547,-2.0625767707824707,-1.9284543991088867,-1.7943320274353027,-1.6602096557617188,-1.5260872840881348,-1.3919649124145508,-1.2578425407409668,-1.1237201690673828,-0.9895977973937988,-0.8554754257202148,-0.7213525772094727,-0.5872302055358887,-0.4531078338623047,-0.3189854621887207,-0.18486309051513672,-0.05074119567871094,0.08338165283203125,0.21750354766845703,0.351625919342041],"_type":"histogram"},"actor_loss":-0.03399856388568878,"Return":-7.617690585471689,"_wandb":{"runtime":789},"_runtime":789}