{"_step":5,"actor_loss":-0.032910410314798355,"Return":-7.615748189307749,"_wandb":{"runtime":395},"_runtime":395,"advantage_hist":{"_type":"histogram","values":[4,0,0,0,4,0,0,0,4,0,0,0,4,0,0,3,1,0,0,4,0,0,4,0,0,4,0,4,0,0,4,0,4,0,4,0,4,0,4,0,4,4,0,4,4,1,3,4,4,4,4,4,8,4,5,7,8,9,11,20,20,32,171,1609],"bins":[-8.224249839782715,-8.090280532836914,-7.95631217956543,-7.822342872619629,-7.688374042510986,-7.554405212402344,-7.420436382293701,-7.286467552185059,-7.152498245239258,-7.018529415130615,-6.884560585021973,-6.75059175491333,-6.6166229248046875,-6.482653617858887,-6.348685264587402,-6.214715957641602,-6.080747127532959,-5.946778297424316,-5.812808990478516,-5.678840637207031,-5.5448713302612305,-5.410902500152588,-5.276933670043945,-5.1429643630981445,-5.00899600982666,-4.875026702880859,-4.741057872772217,-4.607089042663574,-4.473120212554932,-4.339151382446289,-4.205182075500488,-4.071213245391846,-3.937244415283203,-3.8032755851745605,-3.669306755065918,-3.535337448120117,-3.4013686180114746,-3.267399787902832,-3.1334309577941895,-2.999462127685547,-2.865492820739746,-2.7315239906311035,-2.597555160522461,-2.4635863304138184,-2.329617500305176,-2.195648670196533,-2.0616793632507324,-1.9277105331420898,-1.7937417030334473,-1.6597728729248047,-1.525804042816162,-1.3918347358703613,-1.2578659057617188,-1.1238970756530762,-0.9899282455444336,-0.855959415435791,-0.7219905853271484,-0.5880212783813477,-0.4540524482727051,-0.3200836181640625,-0.18611431121826172,-0.052145957946777344,0.08182334899902344,0.2157917022705078,0.349761039018631]},"_timestamp":1.7694364039684212e+09}