{"_timestamp":1.7694971026461604e+09,"cfm_difference":1.8179417082819782e-08,"actor_loss":-0.05016833916306496,"_step":39,"advantage_hist":{"values":[2,0,1,2,1,1,0,0,1,2,1,0,3,2,2,5,4,3,6,7,12,9,4,12,11,10,19,20,14,9,47,39,147,370,223,163,154,154,187,156,104,38,10,9,5,6,2,4,2,0,0,1,0,0,1,5,0,2,3,0,2,0,2,1],"bins":[-6.413708209991455,-6.230894565582275,-6.048080921173096,-5.865267753601074,-5.6824541091918945,-5.499640464782715,-5.316826820373535,-5.1340131759643555,-4.951200008392334,-4.768386363983154,-4.585572719573975,-4.402759552001953,-4.219945907592773,-4.037132263183594,-3.854318618774414,-3.6715052127838135,-3.488691568374634,-3.305877923965454,-3.1230645179748535,-2.940250873565674,-2.7574374675750732,-2.5746238231658936,-2.391810417175293,-2.2089967727661133,-2.0261831283569336,-1.843369483947754,-1.6605563163757324,-1.4777426719665527,-1.294929027557373,-1.1121153831481934,-0.9293022155761719,-0.7464885711669922,-0.5636749267578125,-0.3808612823486328,-0.19804763793945312,-0.01523447036743164,0.16757917404174805,0.35039281845092773,0.5332064628601074,0.7160196304321289,0.8988332748413086,1.0816469192504883,1.264460563659668,1.4472742080688477,1.6300873756408691,1.8129010200500488,1.9957146644592285,2.178528308868408,2.361341953277588,2.5441555976867676,2.7269692420959473,2.9097819328308105,3.0925955772399902,3.27540922164917,3.4582228660583496,3.6410365104675293,3.823850154876709,4.006663799285889,4.189477443695068,4.372291088104248,4.555103778839111,4.737917423248291,4.920731067657471,5.10354471206665,5.28635835647583],"_type":"histogram"},"Return":-0.2624152888311073,"_wandb":{"runtime":24},"critic_loss":0.034703489392995834,"policy_ratio_mean":1,"policy_loss":-0.35330235958099365,"_runtime":24}