{"policy_ratio_mean":1,"_wandb":{"runtime":4},"policy_loss":-0.23787821829319,"Return":-7.568408227361738,"actor_loss":-0.033778510987758636,"critic_loss":0.03151721507310867,"_timestamp":1.769495543712258e+09,"_step":7,"cfm_difference":0,"_runtime":4,"advantage_hist":{"values":[4,0,0,0,4,0,0,0,4,0,0,0,4,0,0,3,1,0,0,4,0,0,4,0,0,4,0,4,0,0,4,0,4,0,4,0,4,0,4,0,4,0,4,4,0,4,4,4,4,4,4,4,4,8,7,7,11,11,8,16,20,28,80,1704],"bins":[-8.221423149108887,-8.087700843811035,-7.953977584838867,-7.820254802703857,-7.686532020568848,-7.552809715270996,-7.419086933135986,-7.285364151000977,-7.151641368865967,-7.017918586730957,-6.884195804595947,-6.7504730224609375,-6.616750717163086,-6.483027458190918,-6.349305152893066,-6.215582370758057,-6.081859588623047,-5.948136806488037,-5.814414024353027,-5.680691719055176,-5.546968460083008,-5.413246154785156,-5.2795233726501465,-5.145800590515137,-5.012077808380127,-4.878355026245117,-4.744632244110107,-4.610909461975098,-4.477187156677246,-4.343463897705078,-4.209741592407227,-4.076018810272217,-3.942296028137207,-3.8085732460021973,-3.6748504638671875,-3.5411276817321777,-3.407404899597168,-3.2736825942993164,-3.1399598121643066,-3.006237030029297,-2.872514247894287,-2.7387914657592773,-2.6050686836242676,-2.471345901489258,-2.3376235961914062,-2.2039008140563965,-2.0701780319213867,-1.936455249786377,-1.8027324676513672,-1.6690096855163574,-1.5352869033813477,-1.401564121246338,-1.2678413391113281,-1.1341190338134766,-1.0003962516784668,-0.866673469543457,-0.7329506874084473,-0.5992279052734375,-0.46550512313842773,-0.33178234100341797,-0.1980600357055664,-0.06433677673339844,0.06938552856445312,0.2031087875366211,0.33683109283447266],"_type":"histogram"}}