{"advantage_hist":{"_type":"histogram","values":[4,0,0,0,4,0,0,0,4,0,0,0,4,0,0,4,0,0,0,4,0,0,4,0,4,0,0,4,0,4,0,0,4,0,4,0,4,0,4,4,0,4,4,0,4,4,4,4,4,4,4,4,4,7,5,8,9,11,16,16,24,44,1717,39],"bins":[-8.202770233154297,-8.068142890930176,-7.9335150718688965,-7.798887252807617,-7.664259910583496,-7.529632091522217,-7.3950042724609375,-7.260376930236816,-7.125749111175537,-6.991121292114258,-6.856493949890137,-6.721866130828857,-6.587238311767578,-6.452610969543457,-6.317983150482178,-6.183355331420898,-6.048727989196777,-5.914100646972656,-5.779472827911377,-5.644845008850098,-5.510217666625977,-5.375589847564697,-5.240962028503418,-5.106334686279297,-4.971706867218018,-4.837079048156738,-4.702451705932617,-4.567823886871338,-4.433196067810059,-4.2985687255859375,-4.163940906524658,-4.029313564300537,-3.894685745239258,-3.7600579261779785,-3.6254305839538574,-3.490802764892578,-3.356175422668457,-3.2215476036071777,-3.0869197845458984,-2.9522924423217773,-2.817664623260498,-2.6830368041992188,-2.5484094619750977,-2.4137816429138184,-2.279153823852539,-2.144526481628418,-2.0098986625671387,-1.8752713203430176,-1.7406435012817383,-1.606015682220459,-1.471388339996338,-1.3367605209350586,-1.2021331787109375,-1.0675053596496582,-0.9328775405883789,-0.7982501983642578,-0.6636223793029785,-0.5289945602416992,-0.3943672180175781,-0.25973939895629883,-0.12511157989501953,0.009515762329101562,0.14414310455322266,0.27877140045166016,0.41339877247810364]},"policy_ratio_mean":1,"_timestamp":1.7694962299086025e+09,"actor_loss":-0.018679197877645493,"_wandb":{"runtime":4},"cfm_difference":0,"_runtime":4,"policy_loss":-0.1315443366765976,"Return":-7.570192365743219,"critic_loss":0.10246514528989792,"_step":7}