{"_wandb":{"runtime":4},"advantage_hist":{"_type":"histogram","values":[4,0,0,0,4,0,0,0,4,0,0,0,4,0,0,4,0,0,0,4,0,0,4,0,0,4,0,4,0,0,4,0,4,0,4,0,4,0,4,0,4,4,0,4,4,0,4,4,4,4,4,4,5,7,6,6,11,12,5,12,16,24,54,1746],"bins":[-8.154754638671875,-8.022965431213379,-7.891175746917725,-7.75938606262207,-7.627596378326416,-7.49580717086792,-7.364017486572266,-7.232227802276611,-7.100438594818115,-6.968648910522461,-6.836859703063965,-6.7050700187683105,-6.573280334472656,-6.44149112701416,-6.309701442718506,-6.177911758422852,-6.0461225509643555,-5.914332866668701,-5.782543182373047,-5.650753974914551,-5.5189642906188965,-5.387174606323242,-5.255385398864746,-5.123595714569092,-4.9918060302734375,-4.860016822814941,-4.728227138519287,-4.596437454223633,-4.464648246765137,-4.332858562469482,-4.201068878173828,-4.069279670715332,-3.9374899864196777,-3.8057003021240234,-3.6739110946655273,-3.542121410369873,-3.4103317260742188,-3.2785425186157227,-3.1467528343200684,-3.014963150024414,-2.883173942565918,-2.7513842582702637,-2.6195945739746094,-2.4878053665161133,-2.356015682220459,-2.2242259979248047,-2.0924367904663086,-1.9606471061706543,-1.828857421875,-1.697068214416504,-1.5652785301208496,-1.4334893226623535,-1.3016996383666992,-1.169909954071045,-1.0381207466125488,-0.9063310623168945,-0.7745413780212402,-0.6427521705627441,-0.5109624862670898,-0.37917280197143555,-0.24738359451293945,-0.11559391021728516,0.016195297241210938,0.14798545837402344,0.27977460622787476]},"_runtime":4,"cfm_difference":0,"policy_ratio_mean":1,"_step":7,"critic_loss":0.01399165764451027,"_timestamp":1.7694958555934453e+09,"Return":-7.569524063564836,"policy_loss":-0.24076777696609497,"actor_loss":-0.03418882191181183}