{"Return":-7.544535218574106,"_wandb":{"runtime":4},"policy_loss":2.0058515071868896,"_step":7,"policy_ratio_mean":1,"cfm_difference":0,"actor_loss":0.28482919931411743,"_timestamp":1.7694959329287596e+09,"_runtime":4,"critic_loss":30.021228790283203,"advantage_hist":{"bins":[-8.139668464660645,-8.008082389831543,-7.876496315002441,-7.744909763336182,-7.61332368850708,-7.4817376136779785,-7.350151538848877,-7.218564987182617,-7.086978912353516,-6.955392837524414,-6.8238067626953125,-6.692220687866211,-6.560634613037109,-6.42904806137085,-6.297461986541748,-6.1658759117126465,-6.034289360046387,-5.902703285217285,-5.771117210388184,-5.639531135559082,-5.5079450607299805,-5.376358985900879,-5.244772434234619,-5.113186359405518,-4.981600284576416,-4.850013732910156,-4.718427658081055,-4.586841583251953,-4.455255508422852,-4.32366943359375,-4.192083358764648,-4.060496807098389,-3.928910732269287,-3.7973246574401855,-3.665738582611084,-3.534152030944824,-3.4025659561157227,-3.270979881286621,-3.1393938064575195,-3.0078072547912598,-2.876221179962158,-2.7446351051330566,-2.613049030303955,-2.4814629554748535,-2.3498764038085938,-2.218290328979492,-2.0867042541503906,-1.955118179321289,-1.8235321044921875,-1.6919455528259277,-1.5603594779968262,-1.4287734031677246,-1.297187328338623,-1.1656007766723633,-1.0340147018432617,-0.9024286270141602,-0.7708425521850586,-0.639256477355957,-0.5076699256896973,-0.3760838508605957,-0.24449777603149414,-0.11291122436523438,0.018674850463867188,0.15026092529296875,0.2818467915058136],"_type":"histogram","values":[4,0,0,0,4,0,0,0,4,0,0,0,4,0,0,4,0,0,0,4,0,0,4,0,1,3,0,4,0,0,4,0,4,0,4,0,4,0,4,0,4,4,0,4,4,1,3,4,4,4,4,4,7,5,5,7,9,10,11,13,17,28,52,1740]}}