{"advantage_hist":{"_type":"histogram","values":[4,0,0,0,4,0,0,0,4,0,0,0,4,0,0,4,0,0,0,4,0,0,4,0,0,4,0,4,0,0,4,0,4,0,4,0,4,0,4,0,4,0,4,4,4,0,4,4,4,4,4,4,4,7,5,8,4,11,9,14,17,21,40,1764],"bins":[-8.164924621582031,-8.033381462097168,-7.901838302612305,-7.770294666290283,-7.63875150680542,-7.507208347320557,-7.375664710998535,-7.244121551513672,-7.112578392028809,-6.981035232543945,-6.849492073059082,-6.7179484367370605,-6.586405277252197,-6.454862117767334,-6.3233184814453125,-6.191775321960449,-6.060232162475586,-5.928689002990723,-5.797145843505859,-5.665602207183838,-5.534059047698975,-5.402515888214111,-5.27097225189209,-5.139429092407227,-5.007885932922363,-4.8763427734375,-4.744799613952637,-4.613255977630615,-4.481712818145752,-4.350169658660889,-4.218626022338867,-4.087082862854004,-3.9555397033691406,-3.8239965438842773,-3.692453384399414,-3.5609097480773926,-3.4293665885925293,-3.297823429107666,-3.1662797927856445,-3.0347366333007812,-2.903193473815918,-2.7716503143310547,-2.6401071548461914,-2.50856351852417,-2.3770203590393066,-2.2454771995544434,-2.113933563232422,-1.9823904037475586,-1.8508472442626953,-1.719304084777832,-1.5877609252929688,-1.4562172889709473,-1.324674129486084,-1.1931309700012207,-1.0615873336791992,-0.9300441741943359,-0.7985010147094727,-0.6669578552246094,-0.5354146957397461,-0.4038710594177246,-0.27232789993286133,-0.14078426361083984,-0.009241104125976562,0.12230205535888672,0.2538447976112366]},"_wandb":{"runtime":4},"critic_loss":0.01705135963857174,"Return":-7.546895562507212,"_runtime":4,"cfm_difference":0,"_timestamp":1.7694953577590487e+09,"policy_loss":-0.24613133072853088,"actor_loss":-0.034950461238622665,"_step":7,"policy_ratio_mean":1}