{"critic_loss":0.00018995162099599838,"_runtime":4,"advantage_hist":{"values":[4,0,0,0,4,0,0,0,4,0,0,0,4,0,0,4,0,0,0,4,0,0,4,0,4,0,0,4,0,0,4,0,4,0,4,0,4,0,4,0,4,4,0,4,4,4,0,4,4,4,4,8,4,4,8,7,8,9,10,18,20,32,207,1573],"bins":[-8.172810554504395,-8.039682388305664,-7.906553745269775,-7.773425579071045,-7.6402974128723145,-7.507168769836426,-7.374040603637695,-7.240912437438965,-7.107783794403076,-6.974655628204346,-6.841526985168457,-6.708398818969727,-6.575270652770996,-6.442142486572266,-6.309013843536377,-6.1758856773376465,-6.042757034301758,-5.909628868103027,-5.776500701904297,-5.643372535705566,-5.510243892669678,-5.377115726470947,-5.243987083435059,-5.110858917236328,-4.977730751037598,-4.844602584838867,-4.7114739418029785,-4.57834529876709,-4.445217132568359,-4.312088966369629,-4.178960800170898,-4.04583215713501,-3.9127039909362793,-3.779575824737549,-3.64644718170166,-3.5133190155029297,-3.380190849304199,-3.2470622062683105,-3.11393404006958,-2.9808058738708496,-2.847677230834961,-2.7145490646362305,-2.5814208984375,-2.4482922554016113,-2.315164089202881,-2.1820359230041504,-2.0489072799682617,-1.9157791137695312,-1.7826509475708008,-1.649522304534912,-1.5163941383361816,-1.383265495300293,-1.2501373291015625,-1.117009162902832,-0.9838805198669434,-0.8507523536682129,-0.7176241874694824,-0.5844955444335938,-0.4513673782348633,-0.3182392120361328,-0.18511056900024414,-0.051982879638671875,0.081146240234375,0.21427440643310547,0.34740230441093445],"_type":"histogram"},"_step":7,"actor_loss":-0.03482883796095848,"_timestamp":1.769496433983707e+09,"policy_ratio_mean":1,"Return":-7.5172652144208545,"_wandb":{"runtime":4},"policy_loss":-0.24527479708194733,"cfm_difference":0}