{"advantage_hist":{"values":[4,0,0,0,4,0,0,0,4,0,0,0,4,0,0,4,0,0,4,0,0,0,4,0,4,0,0,4,0,2,2,0,4,0,4,0,4,0,4,3,1,4,0,4,4,4,4,0,4,4,4,8,4,4,8,8,7,9,12,12,20,28,92,1696],"bins":[-8.138418197631836,-8.006260871887207,-7.874104022979736,-7.741946697235107,-7.6097893714904785,-7.47763204574585,-7.345475196838379,-7.21331787109375,-7.081160545349121,-6.949003219604492,-6.8168463706970215,-6.684689044952393,-6.552532196044922,-6.420374870300293,-6.288217544555664,-6.156060218811035,-6.023902893066406,-5.8917460441589355,-5.759588718414307,-5.627431869506836,-5.495274543762207,-5.363117218017578,-5.230959892272949,-5.09880256652832,-4.96664571762085,-4.834488391876221,-4.70233154296875,-4.570174217224121,-4.438016891479492,-4.305859565734863,-4.173702239990234,-4.041545391082764,-3.9093880653381348,-3.777230739593506,-3.645073890686035,-3.5129165649414062,-3.3807592391967773,-3.2486019134521484,-3.1164450645446777,-2.984287738800049,-2.85213041305542,-2.719973564147949,-2.5878162384033203,-2.4556589126586914,-2.3235015869140625,-2.191344738006592,-2.059187412261963,-1.927030086517334,-1.7948732376098633,-1.6627159118652344,-1.5305585861206055,-1.3984012603759766,-1.2662444114685059,-1.134087085723877,-1.001929759979248,-0.8697724342346191,-0.7376155853271484,-0.6054582595825195,-0.4733009338378906,-0.3411440849304199,-0.20898675918579102,-0.07682991027832031,0.055327415466308594,0.1874847412109375,0.3196416199207306],"_type":"histogram"},"critic_loss":0.08328525722026825,"_step":7,"policy_ratio_mean":1,"_runtime":15,"_timestamp":1.7694969178450315e+09,"cfm_difference":0,"policy_loss":-0.188716322183609,"actor_loss":-0.02679755911231041,"_wandb":{"runtime":15},"Return":-7.5483810369148845}