{"_wandb":{"runtime":216},"_runtime":216,"_step":2,"advantage_hist":{"bins":[-8.154071807861328,-8.022699356079102,-7.891325950622559,-7.759953498840332,-7.628580570220947,-7.4972076416015625,-7.365834712982178,-7.234461784362793,-7.103089332580566,-6.971716403961182,-6.840343475341797,-6.708970546722412,-6.577597618103027,-6.446225166320801,-6.314851760864258,-6.183479309082031,-6.0521063804626465,-5.920733451843262,-5.789361000061035,-5.657987594604492,-5.526615142822266,-5.395242214202881,-5.263869285583496,-5.1324968338012695,-5.001123428344727,-4.8697509765625,-4.738378047943115,-4.6070051193237305,-4.475632190704346,-4.344259262084961,-4.212886810302734,-4.08151388168335,-3.950140953063965,-3.81876802444458,-3.6873950958251953,-3.5560226440429688,-3.424649715423584,-3.293276786804199,-3.1619038581848145,-3.0305309295654297,-2.899158477783203,-2.7677855491638184,-2.6364126205444336,-2.505039691925049,-2.373666763305664,-2.2422938346862793,-2.1109213829040527,-1.979548454284668,-1.8481755256652832,-1.7168025970458984,-1.5854296684265137,-1.454057216644287,-1.3226842880249023,-1.1913113594055176,-1.0599384307861328,-0.928565502166748,-0.7971925735473633,-0.6658201217651367,-0.534447193145752,-0.4030742645263672,-0.2717013359069824,-0.14032840728759766,-0.008955955505371094,0.12241744995117188,0.2537897229194641],"_type":"histogram","values":[4,0,0,0,4,0,0,0,4,0,0,0,4,0,0,2,2,0,0,4,0,0,4,0,0,4,0,4,0,0,4,0,4,0,4,0,4,0,4,0,4,4,0,4,4,0,4,4,4,4,4,4,4,8,4,8,8,8,14,10,12,24,46,1758]},"_timestamp":1.7694965825616183e+09,"actor_loss":-0.03434519097208977,"Return":-7.532560570932924}