{"critic_loss":0.07806934416294098,"actor_loss":-0.034424662590026855,"advantage_hist":{"values":[4,0,0,0,4,0,0,0,4,0,0,0,4,0,0,4,0,0,0,4,0,0,4,0,0,4,0,4,0,0,4,0,4,0,4,0,4,0,4,0,4,4,0,4,4,0,4,4,4,4,4,4,8,4,7,5,8,13,12,11,20,27,53,1736],"bins":[-8.16377067565918,-8.031442642211914,-7.89911413192749,-7.766786098480225,-7.634457588195801,-7.502129554748535,-7.369801044464111,-7.237473011016846,-7.105144500732422,-6.972816467285156,-6.840488433837891,-6.708159923553467,-6.575831890106201,-6.443503379821777,-6.311175346374512,-6.178847312927246,-6.046518802642822,-5.914190292358398,-5.781862258911133,-5.649534225463867,-5.517205715179443,-5.384877681732178,-5.252549171447754,-5.120221138000488,-4.987893104553223,-4.855564594268799,-4.723236083984375,-4.590908050537109,-4.458580017089844,-4.326251983642578,-4.193923473358154,-4.0615949630737305,-3.929266929626465,-3.796938896179199,-3.6646103858947754,-3.5322823524475098,-3.399953842163086,-3.2676258087158203,-3.1352972984313965,-3.002969264984131,-2.870640754699707,-2.7383127212524414,-2.605984687805176,-2.473656177520752,-2.3413281440734863,-2.2089996337890625,-2.076671600341797,-1.944343090057373,-1.8120150566101074,-1.6796870231628418,-1.547358512878418,-1.4150304794311523,-1.2827019691467285,-1.150373935699463,-1.018045425415039,-0.8857173919677734,-0.7533893585205078,-0.621060848236084,-0.48873281478881836,-0.35640430450439453,-0.2240762710571289,-0.09174823760986328,0.04058074951171875,0.17290878295898438,0.30523645877838135],"_type":"histogram"},"policy_ratio_mean":1,"policy_loss":-0.24242863059043884,"_timestamp":1.7694968088309612e+09,"cfm_difference":0,"_wandb":{"runtime":4},"Return":-7.568012057639658,"_step":7,"_runtime":4}