{"policy_ratio_mean":1,"_timestamp":1.7694954345446131e+09,"_wandb":{"runtime":4},"_runtime":4,"policy_loss":-0.08885130286216736,"actor_loss":-0.012616792693734169,"critic_loss":0.24033451080322266,"advantage_hist":{"bins":[-8.171856880187988,-8.039978981018066,-7.908100605010986,-7.776222229003906,-7.644344329833984,-7.512465953826904,-7.380587577819824,-7.248709678649902,-7.116831302642822,-6.984952926635742,-6.85307502746582,-6.72119665145874,-6.58931827545166,-6.457440376281738,-6.325562000274658,-6.193683624267578,-6.061805725097656,-5.929927825927734,-5.798049449920654,-5.666171073913574,-5.534293174743652,-5.402414798736572,-5.270536422729492,-5.13865852355957,-5.00678014755249,-4.87490177154541,-4.743023872375488,-4.611145496368408,-4.479267120361328,-4.347389221191406,-4.215510845184326,-4.083632946014404,-3.951754570007324,-3.819876194000244,-3.6879982948303223,-3.556119918823242,-3.4242420196533203,-3.2923636436462402,-3.16048526763916,-3.0286073684692383,-2.896728992462158,-2.764850616455078,-2.6329727172851562,-2.501094341278076,-2.369215965270996,-2.237338066101074,-2.105459690093994,-1.9735817909240723,-1.8417034149169922,-1.709825038909912,-1.5779471397399902,-1.4460687637329102,-1.3141908645629883,-1.1823124885559082,-1.0504341125488281,-0.9185562133789062,-0.7866778373718262,-0.6547994613647461,-0.5229215621948242,-0.39104318618774414,-0.25916481018066406,-0.1272869110107422,0.0045909881591796875,0.13646984100341797,0.26834815740585327],"_type":"histogram","values":[4,0,0,0,4,0,0,0,4,0,0,0,4,0,0,4,0,0,0,4,0,0,4,0,0,4,0,4,0,0,4,0,4,0,4,0,4,0,4,0,4,0,4,4,3,1,4,4,4,4,4,4,4,7,5,8,6,10,9,15,16,24,44,1756]},"cfm_difference":0,"_step":7,"Return":-7.508113189436495}