{"cfm_difference":-4.76837147544984e-09,"advantage_hist":{"_type":"histogram","values":[3,1,0,1,3,0,0,2,2,0,0,3,1,0,0,4,0,0,4,0,0,3,1,0,4,0,1,3,0,4,0,3,1,3,1,3,1,3,1,4,0,4,4,0,4,4,4,4,4,4,4,4,8,5,7,12,18,3,11,18,87,815,879,37],"bins":[-8.186038970947266,-8.050265312194824,-7.914492607116699,-7.778718948364258,-7.642945766448975,-7.507172584533691,-7.371399402618408,-7.235626220703125,-7.099852561950684,-6.9640793800354,-6.828306198120117,-6.692533016204834,-6.556759834289551,-6.420986175537109,-6.285213470458984,-6.149439811706543,-6.01366662979126,-5.877893447875977,-5.742119789123535,-5.60634708404541,-5.470573425292969,-5.3348002433776855,-5.199027061462402,-5.063253402709961,-4.927480697631836,-4.7917070388793945,-4.655933856964111,-4.520160675048828,-4.384387493133545,-4.248614311218262,-4.11284065246582,-3.977067470550537,-3.841294288635254,-3.7055211067199707,-3.5697479248046875,-3.433974266052246,-3.298201084136963,-3.1624279022216797,-3.0266547203063965,-2.8908815383911133,-2.755107879638672,-2.6193346977233887,-2.4835615158081055,-2.3477883338928223,-2.212015151977539,-2.076241970062256,-1.9404683113098145,-1.8046951293945312,-1.668921947479248,-1.5331487655639648,-1.3973755836486816,-1.2616019248962402,-1.125828742980957,-0.9900555610656738,-0.8542823791503906,-0.7185091972351074,-0.5827360153198242,-0.4469623565673828,-0.3111891746520996,-0.1754159927368164,-0.039642333984375,0.09613037109375,0.2319040298461914,0.3676767349243164,0.5034506916999817]},"policy_loss":0.38682714104652405,"critic_loss":1.6642041206359863,"_timestamp":1.7694948324321547e+09,"policy_ratio_mean":1,"actor_loss":0.05492912232875824,"_step":399,"Return":-7.61769583068043,"_wandb":{"runtime":136},"_runtime":136}