{"_runtime":4,"actor_loss":-0.0339725986123085,"cfm_difference":0,"Return":-7.521561137236654,"critic_loss":0.0008140263380482793,"policy_ratio_mean":1,"policy_loss":-0.23924505710601807,"_wandb":{"runtime":4},"_step":7,"_timestamp":1.7694968706292832e+09,"advantage_hist":{"bins":[-8.168306350708008,-8.036299705505371,-7.904292583465576,-7.7722859382629395,-7.6402788162231445,-7.508272171020508,-7.376265048980713,-7.244258403778076,-7.112251281738281,-6.9802446365356445,-6.848237991333008,-6.716230869293213,-6.584224224090576,-6.452217102050781,-6.3202104568481445,-6.188203811645508,-6.056196689605713,-5.924189567565918,-5.792182922363281,-5.6601762771606445,-5.52816915512085,-5.396162509918213,-5.264155387878418,-5.132148742675781,-5.0001420974731445,-4.86813497543335,-4.736127853393555,-4.604121208190918,-4.472114562988281,-4.3401079177856445,-4.20810079574585,-4.076093673706055,-3.944087028503418,-3.8120803833007812,-3.6800732612609863,-3.5480666160583496,-3.4160594940185547,-3.284052848815918,-3.152045726776123,-3.0200390815734863,-2.8880319595336914,-2.7560253143310547,-2.624018669128418,-2.492011547088623,-2.3600049018859863,-2.2279977798461914,-2.0959911346435547,-1.9639840126037598,-1.831977367401123,-1.6999707221984863,-1.5679636001586914,-1.4359569549560547,-1.3039498329162598,-1.171943187713623,-1.0399360656738281,-0.9079294204711914,-0.7759227752685547,-0.6439156532287598,-0.511909008026123,-0.3799018859863281,-0.2478952407836914,-0.11588859558105469,0.016119003295898438,0.14812564849853516,0.28013211488723755],"_type":"histogram","values":[4,0,0,0,4,0,0,0,4,0,0,0,4,0,0,4,0,0,0,4,0,0,4,0,0,4,0,4,0,0,4,0,4,0,4,0,4,0,4,0,4,4,0,4,4,0,4,4,4,4,4,4,4,8,4,8,7,9,8,16,16,24,43,1757]}}